1usuarioprueba,1prueba@test.com,notieneclave
2usuarioprueba,2prueba@test.com,notieneclave
3usuarioprueba,3prueba@test.com,notieneclave
4usuarioprueba,4prueba@test.com,notieneclave
5usuarioprueba,5prueba@test.com,notieneclave
6usuarioprueba,6prueba@test.com,notieneclave
7usuarioprueba,7prueba@test.com,notieneclave
8usuarioprueba,8prueba@test.com,notieneclave
9usuarioprueba,9prueba@test.com,notieneclave
10usuarioprueba,10prueba@test.com,notieneclave
11usuarioprueba,11prueba@test.com,notieneclave
12usuarioprueba,12prueba@test.com,notieneclave
13usuarioprueba,13prueba@test.com,notieneclave
14usuarioprueba,14prueba@test.com,notieneclave
15usuarioprueba,15prueba@test.com,notieneclave
16usuarioprueba,16prueba@test.com,notieneclave
17usuarioprueba,17prueba@test.com,notieneclave
18usuarioprueba,18prueba@test.com,notieneclave
19usuarioprueba,19prueba@test.com,notieneclave
20usuarioprueba,20prueba@test.com,notieneclave
21usuarioprueba,21prueba@test.com,notieneclave
22usuarioprueba,22prueba@test.com,notieneclave
23usuarioprueba,23prueba@test.com,notieneclave
24usuarioprueba,24prueba@test.com,notieneclave
25usuarioprueba,25prueba@test.com,notieneclave
26usuarioprueba,26prueba@test.com,notieneclave
27usuarioprueba,27prueba@test.com,notieneclave
28usuarioprueba,28prueba@test.com,notieneclave
29usuarioprueba,29prueba@test.com,notieneclave
30usuarioprueba,30prueba@test.com,notieneclave
31usuarioprueba,31prueba@test.com,notieneclave
32usuarioprueba,32prueba@test.com,notieneclave
33usuarioprueba,33prueba@test.com,notieneclave
34usuarioprueba,34prueba@test.com,notieneclave
35usuarioprueba,35prueba@test.com,notieneclave
36usuarioprueba,36prueba@test.com,notieneclave
37usuarioprueba,37prueba@test.com,notieneclave
38usuarioprueba,38prueba@test.com,notieneclave
39usuarioprueba,39prueba@test.com,notieneclave
40usuarioprueba,40prueba@test.com,notieneclave
41usuarioprueba,41prueba@test.com,notieneclave
42usuarioprueba,42prueba@test.com,notieneclave
43usuarioprueba,43prueba@test.com,notieneclave
44usuarioprueba,44prueba@test.com,notieneclave
45usuarioprueba,45prueba@test.com,notieneclave
46usuarioprueba,46prueba@test.com,notieneclave
47usuarioprueba,47prueba@test.com,notieneclave
48usuarioprueba,48prueba@test.com,notieneclave
49usuarioprueba,49prueba@test.com,notieneclave
50usuarioprueba,50prueba@test.com,notieneclave
51usuarioprueba,51prueba@test.com,notieneclave
52usuarioprueba,52prueba@test.com,notieneclave
53usuarioprueba,53prueba@test.com,notieneclave
54usuarioprueba,54prueba@test.com,notieneclave
55usuarioprueba,55prueba@test.com,notieneclave
56usuarioprueba,56prueba@test.com,notieneclave
57usuarioprueba,57prueba@test.com,notieneclave
58usuarioprueba,58prueba@test.com,notieneclave
59usuarioprueba,59prueba@test.com,notieneclave
60usuarioprueba,60prueba@test.com,notieneclave
61usuarioprueba,61prueba@test.com,notieneclave
62usuarioprueba,62prueba@test.com,notieneclave
63usuarioprueba,63prueba@test.com,notieneclave
64usuarioprueba,64prueba@test.com,notieneclave
65usuarioprueba,65prueba@test.com,notieneclave
66usuarioprueba,66prueba@test.com,notieneclave
67usuarioprueba,67prueba@test.com,notieneclave
68usuarioprueba,68prueba@test.com,notieneclave
69usuarioprueba,69prueba@test.com,notieneclave
70usuarioprueba,70prueba@test.com,notieneclave
71usuarioprueba,71prueba@test.com,notieneclave
72usuarioprueba,72prueba@test.com,notieneclave
73usuarioprueba,73prueba@test.com,notieneclave
74usuarioprueba,74prueba@test.com,notieneclave
75usuarioprueba,75prueba@test.com,notieneclave
76usuarioprueba,76prueba@test.com,notieneclave
77usuarioprueba,77prueba@test.com,notieneclave
78usuarioprueba,78prueba@test.com,notieneclave
79usuarioprueba,79prueba@test.com,notieneclave
80usuarioprueba,80prueba@test.com,notieneclave
81usuarioprueba,81prueba@test.com,notieneclave
82usuarioprueba,82prueba@test.com,notieneclave
83usuarioprueba,83prueba@test.com,notieneclave
84usuarioprueba,84prueba@test.com,notieneclave
85usuarioprueba,85prueba@test.com,notieneclave
86usuarioprueba,86prueba@test.com,notieneclave
87usuarioprueba,87prueba@test.com,notieneclave
88usuarioprueba,88prueba@test.com,notieneclave
89usuarioprueba,89prueba@test.com,notieneclave
90usuarioprueba,90prueba@test.com,notieneclave
91usuarioprueba,91prueba@test.com,notieneclave
92usuarioprueba,92prueba@test.com,notieneclave
93usuarioprueba,93prueba@test.com,notieneclave
94usuarioprueba,94prueba@test.com,notieneclave
95usuarioprueba,95prueba@test.com,notieneclave
96usuarioprueba,96prueba@test.com,notieneclave
97usuarioprueba,97prueba@test.com,notieneclave
98usuarioprueba,98prueba@test.com,notieneclave
99usuarioprueba,99prueba@test.com,notieneclave
100usuarioprueba,100prueba@test.com,notieneclave
101usuarioprueba,101prueba@test.com,notieneclave
102usuarioprueba,102prueba@test.com,notieneclave
103usuarioprueba,103prueba@test.com,notieneclave
104usuarioprueba,104prueba@test.com,notieneclave
105usuarioprueba,105prueba@test.com,notieneclave
106usuarioprueba,106prueba@test.com,notieneclave
107usuarioprueba,107prueba@test.com,notieneclave
108usuarioprueba,108prueba@test.com,notieneclave
109usuarioprueba,109prueba@test.com,notieneclave
110usuarioprueba,110prueba@test.com,notieneclave
111usuarioprueba,111prueba@test.com,notieneclave
112usuarioprueba,112prueba@test.com,notieneclave
113usuarioprueba,113prueba@test.com,notieneclave
114usuarioprueba,114prueba@test.com,notieneclave
115usuarioprueba,115prueba@test.com,notieneclave
116usuarioprueba,116prueba@test.com,notieneclave
117usuarioprueba,117prueba@test.com,notieneclave
118usuarioprueba,118prueba@test.com,notieneclave
119usuarioprueba,119prueba@test.com,notieneclave
120usuarioprueba,120prueba@test.com,notieneclave
121usuarioprueba,121prueba@test.com,notieneclave
122usuarioprueba,122prueba@test.com,notieneclave
123usuarioprueba,123prueba@test.com,notieneclave
124usuarioprueba,124prueba@test.com,notieneclave
125usuarioprueba,125prueba@test.com,notieneclave
126usuarioprueba,126prueba@test.com,notieneclave
127usuarioprueba,127prueba@test.com,notieneclave
128usuarioprueba,128prueba@test.com,notieneclave
129usuarioprueba,129prueba@test.com,notieneclave
130usuarioprueba,130prueba@test.com,notieneclave
131usuarioprueba,131prueba@test.com,notieneclave
132usuarioprueba,132prueba@test.com,notieneclave
133usuarioprueba,133prueba@test.com,notieneclave
134usuarioprueba,134prueba@test.com,notieneclave
135usuarioprueba,135prueba@test.com,notieneclave
136usuarioprueba,136prueba@test.com,notieneclave
137usuarioprueba,137prueba@test.com,notieneclave
138usuarioprueba,138prueba@test.com,notieneclave
139usuarioprueba,139prueba@test.com,notieneclave
140usuarioprueba,140prueba@test.com,notieneclave
141usuarioprueba,141prueba@test.com,notieneclave
142usuarioprueba,142prueba@test.com,notieneclave
143usuarioprueba,143prueba@test.com,notieneclave
144usuarioprueba,144prueba@test.com,notieneclave
145usuarioprueba,145prueba@test.com,notieneclave
146usuarioprueba,146prueba@test.com,notieneclave
147usuarioprueba,147prueba@test.com,notieneclave
148usuarioprueba,148prueba@test.com,notieneclave
149usuarioprueba,149prueba@test.com,notieneclave
150usuarioprueba,150prueba@test.com,notieneclave
151usuarioprueba,151prueba@test.com,notieneclave
152usuarioprueba,152prueba@test.com,notieneclave
153usuarioprueba,153prueba@test.com,notieneclave
154usuarioprueba,154prueba@test.com,notieneclave
155usuarioprueba,155prueba@test.com,notieneclave
156usuarioprueba,156prueba@test.com,notieneclave
157usuarioprueba,157prueba@test.com,notieneclave
158usuarioprueba,158prueba@test.com,notieneclave
159usuarioprueba,159prueba@test.com,notieneclave
160usuarioprueba,160prueba@test.com,notieneclave
161usuarioprueba,161prueba@test.com,notieneclave
162usuarioprueba,162prueba@test.com,notieneclave
163usuarioprueba,163prueba@test.com,notieneclave
164usuarioprueba,164prueba@test.com,notieneclave
165usuarioprueba,165prueba@test.com,notieneclave
166usuarioprueba,166prueba@test.com,notieneclave
167usuarioprueba,167prueba@test.com,notieneclave
168usuarioprueba,168prueba@test.com,notieneclave
169usuarioprueba,169prueba@test.com,notieneclave
170usuarioprueba,170prueba@test.com,notieneclave
171usuarioprueba,171prueba@test.com,notieneclave
172usuarioprueba,172prueba@test.com,notieneclave
173usuarioprueba,173prueba@test.com,notieneclave
174usuarioprueba,174prueba@test.com,notieneclave
175usuarioprueba,175prueba@test.com,notieneclave
176usuarioprueba,176prueba@test.com,notieneclave
177usuarioprueba,177prueba@test.com,notieneclave
178usuarioprueba,178prueba@test.com,notieneclave
179usuarioprueba,179prueba@test.com,notieneclave
180usuarioprueba,180prueba@test.com,notieneclave
181usuarioprueba,181prueba@test.com,notieneclave
182usuarioprueba,182prueba@test.com,notieneclave
183usuarioprueba,183prueba@test.com,notieneclave
184usuarioprueba,184prueba@test.com,notieneclave
185usuarioprueba,185prueba@test.com,notieneclave
186usuarioprueba,186prueba@test.com,notieneclave
187usuarioprueba,187prueba@test.com,notieneclave
188usuarioprueba,188prueba@test.com,notieneclave
189usuarioprueba,189prueba@test.com,notieneclave
190usuarioprueba,190prueba@test.com,notieneclave
191usuarioprueba,191prueba@test.com,notieneclave
192usuarioprueba,192prueba@test.com,notieneclave
193usuarioprueba,193prueba@test.com,notieneclave
194usuarioprueba,194prueba@test.com,notieneclave
195usuarioprueba,195prueba@test.com,notieneclave
196usuarioprueba,196prueba@test.com,notieneclave
197usuarioprueba,197prueba@test.com,notieneclave
198usuarioprueba,198prueba@test.com,notieneclave
199usuarioprueba,199prueba@test.com,notieneclave
200usuarioprueba,200prueba@test.com,notieneclave
201usuarioprueba,201prueba@test.com,notieneclave
202usuarioprueba,202prueba@test.com,notieneclave
203usuarioprueba,203prueba@test.com,notieneclave
204usuarioprueba,204prueba@test.com,notieneclave
205usuarioprueba,205prueba@test.com,notieneclave
206usuarioprueba,206prueba@test.com,notieneclave
207usuarioprueba,207prueba@test.com,notieneclave
208usuarioprueba,208prueba@test.com,notieneclave
209usuarioprueba,209prueba@test.com,notieneclave
210usuarioprueba,210prueba@test.com,notieneclave
211usuarioprueba,211prueba@test.com,notieneclave
212usuarioprueba,212prueba@test.com,notieneclave
213usuarioprueba,213prueba@test.com,notieneclave
214usuarioprueba,214prueba@test.com,notieneclave
215usuarioprueba,215prueba@test.com,notieneclave
216usuarioprueba,216prueba@test.com,notieneclave
217usuarioprueba,217prueba@test.com,notieneclave
218usuarioprueba,218prueba@test.com,notieneclave
219usuarioprueba,219prueba@test.com,notieneclave
220usuarioprueba,220prueba@test.com,notieneclave
221usuarioprueba,221prueba@test.com,notieneclave
222usuarioprueba,222prueba@test.com,notieneclave
223usuarioprueba,223prueba@test.com,notieneclave
224usuarioprueba,224prueba@test.com,notieneclave
225usuarioprueba,225prueba@test.com,notieneclave
226usuarioprueba,226prueba@test.com,notieneclave
227usuarioprueba,227prueba@test.com,notieneclave
228usuarioprueba,228prueba@test.com,notieneclave
229usuarioprueba,229prueba@test.com,notieneclave
230usuarioprueba,230prueba@test.com,notieneclave
231usuarioprueba,231prueba@test.com,notieneclave
232usuarioprueba,232prueba@test.com,notieneclave
233usuarioprueba,233prueba@test.com,notieneclave
234usuarioprueba,234prueba@test.com,notieneclave
235usuarioprueba,235prueba@test.com,notieneclave
236usuarioprueba,236prueba@test.com,notieneclave
237usuarioprueba,237prueba@test.com,notieneclave
238usuarioprueba,238prueba@test.com,notieneclave
239usuarioprueba,239prueba@test.com,notieneclave
240usuarioprueba,240prueba@test.com,notieneclave
241usuarioprueba,241prueba@test.com,notieneclave
242usuarioprueba,242prueba@test.com,notieneclave
243usuarioprueba,243prueba@test.com,notieneclave
244usuarioprueba,244prueba@test.com,notieneclave
245usuarioprueba,245prueba@test.com,notieneclave
246usuarioprueba,246prueba@test.com,notieneclave
247usuarioprueba,247prueba@test.com,notieneclave
248usuarioprueba,248prueba@test.com,notieneclave
249usuarioprueba,249prueba@test.com,notieneclave
250usuarioprueba,250prueba@test.com,notieneclave
251usuarioprueba,251prueba@test.com,notieneclave
252usuarioprueba,252prueba@test.com,notieneclave
253usuarioprueba,253prueba@test.com,notieneclave
254usuarioprueba,254prueba@test.com,notieneclave
255usuarioprueba,255prueba@test.com,notieneclave
256usuarioprueba,256prueba@test.com,notieneclave
257usuarioprueba,257prueba@test.com,notieneclave
258usuarioprueba,258prueba@test.com,notieneclave
259usuarioprueba,259prueba@test.com,notieneclave
260usuarioprueba,260prueba@test.com,notieneclave
261usuarioprueba,261prueba@test.com,notieneclave
262usuarioprueba,262prueba@test.com,notieneclave
263usuarioprueba,263prueba@test.com,notieneclave
264usuarioprueba,264prueba@test.com,notieneclave
265usuarioprueba,265prueba@test.com,notieneclave
266usuarioprueba,266prueba@test.com,notieneclave
267usuarioprueba,267prueba@test.com,notieneclave
268usuarioprueba,268prueba@test.com,notieneclave
269usuarioprueba,269prueba@test.com,notieneclave
270usuarioprueba,270prueba@test.com,notieneclave
271usuarioprueba,271prueba@test.com,notieneclave
272usuarioprueba,272prueba@test.com,notieneclave
273usuarioprueba,273prueba@test.com,notieneclave
274usuarioprueba,274prueba@test.com,notieneclave
275usuarioprueba,275prueba@test.com,notieneclave
276usuarioprueba,276prueba@test.com,notieneclave
277usuarioprueba,277prueba@test.com,notieneclave
278usuarioprueba,278prueba@test.com,notieneclave
279usuarioprueba,279prueba@test.com,notieneclave
280usuarioprueba,280prueba@test.com,notieneclave
281usuarioprueba,281prueba@test.com,notieneclave
282usuarioprueba,282prueba@test.com,notieneclave
283usuarioprueba,283prueba@test.com,notieneclave
284usuarioprueba,284prueba@test.com,notieneclave
285usuarioprueba,285prueba@test.com,notieneclave
286usuarioprueba,286prueba@test.com,notieneclave
287usuarioprueba,287prueba@test.com,notieneclave
288usuarioprueba,288prueba@test.com,notieneclave
289usuarioprueba,289prueba@test.com,notieneclave
290usuarioprueba,290prueba@test.com,notieneclave
291usuarioprueba,291prueba@test.com,notieneclave
292usuarioprueba,292prueba@test.com,notieneclave
293usuarioprueba,293prueba@test.com,notieneclave
294usuarioprueba,294prueba@test.com,notieneclave
295usuarioprueba,295prueba@test.com,notieneclave
296usuarioprueba,296prueba@test.com,notieneclave
297usuarioprueba,297prueba@test.com,notieneclave
298usuarioprueba,298prueba@test.com,notieneclave
299usuarioprueba,299prueba@test.com,notieneclave
300usuarioprueba,300prueba@test.com,notieneclave
301usuarioprueba,301prueba@test.com,notieneclave
302usuarioprueba,302prueba@test.com,notieneclave
303usuarioprueba,303prueba@test.com,notieneclave
304usuarioprueba,304prueba@test.com,notieneclave
305usuarioprueba,305prueba@test.com,notieneclave
306usuarioprueba,306prueba@test.com,notieneclave
307usuarioprueba,307prueba@test.com,notieneclave
308usuarioprueba,308prueba@test.com,notieneclave
309usuarioprueba,309prueba@test.com,notieneclave
310usuarioprueba,310prueba@test.com,notieneclave
311usuarioprueba,311prueba@test.com,notieneclave
312usuarioprueba,312prueba@test.com,notieneclave
313usuarioprueba,313prueba@test.com,notieneclave
314usuarioprueba,314prueba@test.com,notieneclave
315usuarioprueba,315prueba@test.com,notieneclave
316usuarioprueba,316prueba@test.com,notieneclave
317usuarioprueba,317prueba@test.com,notieneclave
318usuarioprueba,318prueba@test.com,notieneclave
319usuarioprueba,319prueba@test.com,notieneclave
320usuarioprueba,320prueba@test.com,notieneclave
321usuarioprueba,321prueba@test.com,notieneclave
322usuarioprueba,322prueba@test.com,notieneclave
323usuarioprueba,323prueba@test.com,notieneclave
324usuarioprueba,324prueba@test.com,notieneclave
325usuarioprueba,325prueba@test.com,notieneclave
326usuarioprueba,326prueba@test.com,notieneclave
327usuarioprueba,327prueba@test.com,notieneclave
328usuarioprueba,328prueba@test.com,notieneclave
329usuarioprueba,329prueba@test.com,notieneclave
330usuarioprueba,330prueba@test.com,notieneclave
331usuarioprueba,331prueba@test.com,notieneclave
332usuarioprueba,332prueba@test.com,notieneclave
333usuarioprueba,333prueba@test.com,notieneclave
334usuarioprueba,334prueba@test.com,notieneclave
335usuarioprueba,335prueba@test.com,notieneclave
336usuarioprueba,336prueba@test.com,notieneclave
337usuarioprueba,337prueba@test.com,notieneclave
338usuarioprueba,338prueba@test.com,notieneclave
339usuarioprueba,339prueba@test.com,notieneclave
340usuarioprueba,340prueba@test.com,notieneclave
341usuarioprueba,341prueba@test.com,notieneclave
342usuarioprueba,342prueba@test.com,notieneclave
343usuarioprueba,343prueba@test.com,notieneclave
344usuarioprueba,344prueba@test.com,notieneclave
345usuarioprueba,345prueba@test.com,notieneclave
346usuarioprueba,346prueba@test.com,notieneclave
347usuarioprueba,347prueba@test.com,notieneclave
348usuarioprueba,348prueba@test.com,notieneclave
349usuarioprueba,349prueba@test.com,notieneclave
350usuarioprueba,350prueba@test.com,notieneclave
351usuarioprueba,351prueba@test.com,notieneclave
352usuarioprueba,352prueba@test.com,notieneclave
353usuarioprueba,353prueba@test.com,notieneclave
354usuarioprueba,354prueba@test.com,notieneclave
355usuarioprueba,355prueba@test.com,notieneclave
356usuarioprueba,356prueba@test.com,notieneclave
357usuarioprueba,357prueba@test.com,notieneclave
358usuarioprueba,358prueba@test.com,notieneclave
359usuarioprueba,359prueba@test.com,notieneclave
360usuarioprueba,360prueba@test.com,notieneclave
361usuarioprueba,361prueba@test.com,notieneclave
362usuarioprueba,362prueba@test.com,notieneclave
363usuarioprueba,363prueba@test.com,notieneclave
364usuarioprueba,364prueba@test.com,notieneclave
365usuarioprueba,365prueba@test.com,notieneclave
366usuarioprueba,366prueba@test.com,notieneclave
367usuarioprueba,367prueba@test.com,notieneclave
368usuarioprueba,368prueba@test.com,notieneclave
369usuarioprueba,369prueba@test.com,notieneclave
370usuarioprueba,370prueba@test.com,notieneclave
371usuarioprueba,371prueba@test.com,notieneclave
372usuarioprueba,372prueba@test.com,notieneclave
373usuarioprueba,373prueba@test.com,notieneclave
374usuarioprueba,374prueba@test.com,notieneclave
375usuarioprueba,375prueba@test.com,notieneclave
376usuarioprueba,376prueba@test.com,notieneclave
377usuarioprueba,377prueba@test.com,notieneclave
378usuarioprueba,378prueba@test.com,notieneclave
379usuarioprueba,379prueba@test.com,notieneclave
380usuarioprueba,380prueba@test.com,notieneclave
381usuarioprueba,381prueba@test.com,notieneclave
382usuarioprueba,382prueba@test.com,notieneclave
383usuarioprueba,383prueba@test.com,notieneclave
384usuarioprueba,384prueba@test.com,notieneclave
385usuarioprueba,385prueba@test.com,notieneclave
386usuarioprueba,386prueba@test.com,notieneclave
387usuarioprueba,387prueba@test.com,notieneclave
388usuarioprueba,388prueba@test.com,notieneclave
389usuarioprueba,389prueba@test.com,notieneclave
390usuarioprueba,390prueba@test.com,notieneclave
391usuarioprueba,391prueba@test.com,notieneclave
392usuarioprueba,392prueba@test.com,notieneclave
393usuarioprueba,393prueba@test.com,notieneclave
394usuarioprueba,394prueba@test.com,notieneclave
395usuarioprueba,395prueba@test.com,notieneclave
396usuarioprueba,396prueba@test.com,notieneclave
397usuarioprueba,397prueba@test.com,notieneclave
398usuarioprueba,398prueba@test.com,notieneclave
399usuarioprueba,399prueba@test.com,notieneclave
400usuarioprueba,400prueba@test.com,notieneclave
401usuarioprueba,401prueba@test.com,notieneclave
402usuarioprueba,402prueba@test.com,notieneclave
403usuarioprueba,403prueba@test.com,notieneclave
404usuarioprueba,404prueba@test.com,notieneclave
405usuarioprueba,405prueba@test.com,notieneclave
406usuarioprueba,406prueba@test.com,notieneclave
407usuarioprueba,407prueba@test.com,notieneclave
408usuarioprueba,408prueba@test.com,notieneclave
409usuarioprueba,409prueba@test.com,notieneclave
410usuarioprueba,410prueba@test.com,notieneclave
411usuarioprueba,411prueba@test.com,notieneclave
412usuarioprueba,412prueba@test.com,notieneclave
413usuarioprueba,413prueba@test.com,notieneclave
414usuarioprueba,414prueba@test.com,notieneclave
415usuarioprueba,415prueba@test.com,notieneclave
416usuarioprueba,416prueba@test.com,notieneclave
417usuarioprueba,417prueba@test.com,notieneclave
418usuarioprueba,418prueba@test.com,notieneclave
419usuarioprueba,419prueba@test.com,notieneclave
420usuarioprueba,420prueba@test.com,notieneclave
421usuarioprueba,421prueba@test.com,notieneclave
422usuarioprueba,422prueba@test.com,notieneclave
423usuarioprueba,423prueba@test.com,notieneclave
424usuarioprueba,424prueba@test.com,notieneclave
425usuarioprueba,425prueba@test.com,notieneclave
426usuarioprueba,426prueba@test.com,notieneclave
427usuarioprueba,427prueba@test.com,notieneclave
428usuarioprueba,428prueba@test.com,notieneclave
429usuarioprueba,429prueba@test.com,notieneclave
430usuarioprueba,430prueba@test.com,notieneclave
431usuarioprueba,431prueba@test.com,notieneclave
432usuarioprueba,432prueba@test.com,notieneclave
433usuarioprueba,433prueba@test.com,notieneclave
434usuarioprueba,434prueba@test.com,notieneclave
435usuarioprueba,435prueba@test.com,notieneclave
436usuarioprueba,436prueba@test.com,notieneclave
437usuarioprueba,437prueba@test.com,notieneclave
438usuarioprueba,438prueba@test.com,notieneclave
439usuarioprueba,439prueba@test.com,notieneclave
440usuarioprueba,440prueba@test.com,notieneclave
441usuarioprueba,441prueba@test.com,notieneclave
442usuarioprueba,442prueba@test.com,notieneclave
443usuarioprueba,443prueba@test.com,notieneclave
444usuarioprueba,444prueba@test.com,notieneclave
445usuarioprueba,445prueba@test.com,notieneclave
446usuarioprueba,446prueba@test.com,notieneclave
447usuarioprueba,447prueba@test.com,notieneclave
448usuarioprueba,448prueba@test.com,notieneclave
449usuarioprueba,449prueba@test.com,notieneclave
450usuarioprueba,450prueba@test.com,notieneclave
451usuarioprueba,451prueba@test.com,notieneclave
452usuarioprueba,452prueba@test.com,notieneclave
453usuarioprueba,453prueba@test.com,notieneclave
454usuarioprueba,454prueba@test.com,notieneclave
455usuarioprueba,455prueba@test.com,notieneclave
456usuarioprueba,456prueba@test.com,notieneclave
457usuarioprueba,457prueba@test.com,notieneclave
458usuarioprueba,458prueba@test.com,notieneclave
459usuarioprueba,459prueba@test.com,notieneclave
460usuarioprueba,460prueba@test.com,notieneclave
461usuarioprueba,461prueba@test.com,notieneclave
462usuarioprueba,462prueba@test.com,notieneclave
463usuarioprueba,463prueba@test.com,notieneclave
464usuarioprueba,464prueba@test.com,notieneclave
465usuarioprueba,465prueba@test.com,notieneclave
466usuarioprueba,466prueba@test.com,notieneclave
467usuarioprueba,467prueba@test.com,notieneclave
468usuarioprueba,468prueba@test.com,notieneclave
469usuarioprueba,469prueba@test.com,notieneclave
470usuarioprueba,470prueba@test.com,notieneclave
471usuarioprueba,471prueba@test.com,notieneclave
472usuarioprueba,472prueba@test.com,notieneclave
473usuarioprueba,473prueba@test.com,notieneclave
474usuarioprueba,474prueba@test.com,notieneclave
475usuarioprueba,475prueba@test.com,notieneclave
476usuarioprueba,476prueba@test.com,notieneclave
477usuarioprueba,477prueba@test.com,notieneclave
478usuarioprueba,478prueba@test.com,notieneclave
479usuarioprueba,479prueba@test.com,notieneclave
480usuarioprueba,480prueba@test.com,notieneclave
481usuarioprueba,481prueba@test.com,notieneclave
482usuarioprueba,482prueba@test.com,notieneclave
483usuarioprueba,483prueba@test.com,notieneclave
484usuarioprueba,484prueba@test.com,notieneclave
485usuarioprueba,485prueba@test.com,notieneclave
486usuarioprueba,486prueba@test.com,notieneclave
487usuarioprueba,487prueba@test.com,notieneclave
488usuarioprueba,488prueba@test.com,notieneclave
489usuarioprueba,489prueba@test.com,notieneclave
490usuarioprueba,490prueba@test.com,notieneclave
491usuarioprueba,491prueba@test.com,notieneclave
492usuarioprueba,492prueba@test.com,notieneclave
493usuarioprueba,493prueba@test.com,notieneclave
494usuarioprueba,494prueba@test.com,notieneclave
495usuarioprueba,495prueba@test.com,notieneclave
496usuarioprueba,496prueba@test.com,notieneclave
497usuarioprueba,497prueba@test.com,notieneclave
498usuarioprueba,498prueba@test.com,notieneclave
499usuarioprueba,499prueba@test.com,notieneclave
500usuarioprueba,500prueba@test.com,notieneclave
501usuarioprueba,501prueba@test.com,notieneclave
502usuarioprueba,502prueba@test.com,notieneclave
503usuarioprueba,503prueba@test.com,notieneclave
504usuarioprueba,504prueba@test.com,notieneclave
505usuarioprueba,505prueba@test.com,notieneclave
506usuarioprueba,506prueba@test.com,notieneclave
507usuarioprueba,507prueba@test.com,notieneclave
508usuarioprueba,508prueba@test.com,notieneclave
509usuarioprueba,509prueba@test.com,notieneclave
510usuarioprueba,510prueba@test.com,notieneclave
511usuarioprueba,511prueba@test.com,notieneclave
512usuarioprueba,512prueba@test.com,notieneclave
513usuarioprueba,513prueba@test.com,notieneclave
514usuarioprueba,514prueba@test.com,notieneclave
515usuarioprueba,515prueba@test.com,notieneclave
516usuarioprueba,516prueba@test.com,notieneclave
517usuarioprueba,517prueba@test.com,notieneclave
518usuarioprueba,518prueba@test.com,notieneclave
519usuarioprueba,519prueba@test.com,notieneclave
520usuarioprueba,520prueba@test.com,notieneclave
521usuarioprueba,521prueba@test.com,notieneclave
522usuarioprueba,522prueba@test.com,notieneclave
523usuarioprueba,523prueba@test.com,notieneclave
524usuarioprueba,524prueba@test.com,notieneclave
525usuarioprueba,525prueba@test.com,notieneclave
526usuarioprueba,526prueba@test.com,notieneclave
527usuarioprueba,527prueba@test.com,notieneclave
528usuarioprueba,528prueba@test.com,notieneclave
529usuarioprueba,529prueba@test.com,notieneclave
530usuarioprueba,530prueba@test.com,notieneclave
531usuarioprueba,531prueba@test.com,notieneclave
532usuarioprueba,532prueba@test.com,notieneclave
533usuarioprueba,533prueba@test.com,notieneclave
534usuarioprueba,534prueba@test.com,notieneclave
535usuarioprueba,535prueba@test.com,notieneclave
536usuarioprueba,536prueba@test.com,notieneclave
537usuarioprueba,537prueba@test.com,notieneclave
538usuarioprueba,538prueba@test.com,notieneclave
539usuarioprueba,539prueba@test.com,notieneclave
540usuarioprueba,540prueba@test.com,notieneclave
541usuarioprueba,541prueba@test.com,notieneclave
542usuarioprueba,542prueba@test.com,notieneclave
543usuarioprueba,543prueba@test.com,notieneclave
544usuarioprueba,544prueba@test.com,notieneclave
545usuarioprueba,545prueba@test.com,notieneclave
546usuarioprueba,546prueba@test.com,notieneclave
547usuarioprueba,547prueba@test.com,notieneclave
548usuarioprueba,548prueba@test.com,notieneclave
549usuarioprueba,549prueba@test.com,notieneclave
550usuarioprueba,550prueba@test.com,notieneclave
551usuarioprueba,551prueba@test.com,notieneclave
552usuarioprueba,552prueba@test.com,notieneclave
553usuarioprueba,553prueba@test.com,notieneclave
554usuarioprueba,554prueba@test.com,notieneclave
555usuarioprueba,555prueba@test.com,notieneclave
556usuarioprueba,556prueba@test.com,notieneclave
557usuarioprueba,557prueba@test.com,notieneclave
558usuarioprueba,558prueba@test.com,notieneclave
559usuarioprueba,559prueba@test.com,notieneclave
560usuarioprueba,560prueba@test.com,notieneclave
561usuarioprueba,561prueba@test.com,notieneclave
562usuarioprueba,562prueba@test.com,notieneclave
563usuarioprueba,563prueba@test.com,notieneclave
564usuarioprueba,564prueba@test.com,notieneclave
565usuarioprueba,565prueba@test.com,notieneclave
566usuarioprueba,566prueba@test.com,notieneclave
567usuarioprueba,567prueba@test.com,notieneclave
568usuarioprueba,568prueba@test.com,notieneclave
569usuarioprueba,569prueba@test.com,notieneclave
570usuarioprueba,570prueba@test.com,notieneclave
571usuarioprueba,571prueba@test.com,notieneclave
572usuarioprueba,572prueba@test.com,notieneclave
573usuarioprueba,573prueba@test.com,notieneclave
574usuarioprueba,574prueba@test.com,notieneclave
575usuarioprueba,575prueba@test.com,notieneclave
576usuarioprueba,576prueba@test.com,notieneclave
577usuarioprueba,577prueba@test.com,notieneclave
578usuarioprueba,578prueba@test.com,notieneclave
579usuarioprueba,579prueba@test.com,notieneclave
580usuarioprueba,580prueba@test.com,notieneclave
581usuarioprueba,581prueba@test.com,notieneclave
582usuarioprueba,582prueba@test.com,notieneclave
583usuarioprueba,583prueba@test.com,notieneclave
584usuarioprueba,584prueba@test.com,notieneclave
585usuarioprueba,585prueba@test.com,notieneclave
586usuarioprueba,586prueba@test.com,notieneclave
587usuarioprueba,587prueba@test.com,notieneclave
588usuarioprueba,588prueba@test.com,notieneclave
589usuarioprueba,589prueba@test.com,notieneclave
590usuarioprueba,590prueba@test.com,notieneclave
591usuarioprueba,591prueba@test.com,notieneclave
592usuarioprueba,592prueba@test.com,notieneclave
593usuarioprueba,593prueba@test.com,notieneclave
594usuarioprueba,594prueba@test.com,notieneclave
595usuarioprueba,595prueba@test.com,notieneclave
596usuarioprueba,596prueba@test.com,notieneclave
597usuarioprueba,597prueba@test.com,notieneclave
598usuarioprueba,598prueba@test.com,notieneclave
599usuarioprueba,599prueba@test.com,notieneclave
600usuarioprueba,600prueba@test.com,notieneclave
601usuarioprueba,601prueba@test.com,notieneclave
602usuarioprueba,602prueba@test.com,notieneclave
603usuarioprueba,603prueba@test.com,notieneclave
604usuarioprueba,604prueba@test.com,notieneclave
605usuarioprueba,605prueba@test.com,notieneclave
606usuarioprueba,606prueba@test.com,notieneclave
607usuarioprueba,607prueba@test.com,notieneclave
608usuarioprueba,608prueba@test.com,notieneclave
609usuarioprueba,609prueba@test.com,notieneclave
610usuarioprueba,610prueba@test.com,notieneclave
611usuarioprueba,611prueba@test.com,notieneclave
612usuarioprueba,612prueba@test.com,notieneclave
613usuarioprueba,613prueba@test.com,notieneclave
614usuarioprueba,614prueba@test.com,notieneclave
615usuarioprueba,615prueba@test.com,notieneclave
616usuarioprueba,616prueba@test.com,notieneclave
617usuarioprueba,617prueba@test.com,notieneclave
618usuarioprueba,618prueba@test.com,notieneclave
619usuarioprueba,619prueba@test.com,notieneclave
620usuarioprueba,620prueba@test.com,notieneclave
621usuarioprueba,621prueba@test.com,notieneclave
622usuarioprueba,622prueba@test.com,notieneclave
623usuarioprueba,623prueba@test.com,notieneclave
624usuarioprueba,624prueba@test.com,notieneclave
625usuarioprueba,625prueba@test.com,notieneclave
626usuarioprueba,626prueba@test.com,notieneclave
627usuarioprueba,627prueba@test.com,notieneclave
628usuarioprueba,628prueba@test.com,notieneclave
629usuarioprueba,629prueba@test.com,notieneclave
630usuarioprueba,630prueba@test.com,notieneclave
631usuarioprueba,631prueba@test.com,notieneclave
632usuarioprueba,632prueba@test.com,notieneclave
633usuarioprueba,633prueba@test.com,notieneclave
634usuarioprueba,634prueba@test.com,notieneclave
635usuarioprueba,635prueba@test.com,notieneclave
636usuarioprueba,636prueba@test.com,notieneclave
637usuarioprueba,637prueba@test.com,notieneclave
638usuarioprueba,638prueba@test.com,notieneclave
639usuarioprueba,639prueba@test.com,notieneclave
640usuarioprueba,640prueba@test.com,notieneclave
641usuarioprueba,641prueba@test.com,notieneclave
642usuarioprueba,642prueba@test.com,notieneclave
643usuarioprueba,643prueba@test.com,notieneclave
644usuarioprueba,644prueba@test.com,notieneclave
645usuarioprueba,645prueba@test.com,notieneclave
646usuarioprueba,646prueba@test.com,notieneclave
647usuarioprueba,647prueba@test.com,notieneclave
648usuarioprueba,648prueba@test.com,notieneclave
649usuarioprueba,649prueba@test.com,notieneclave
650usuarioprueba,650prueba@test.com,notieneclave
651usuarioprueba,651prueba@test.com,notieneclave
652usuarioprueba,652prueba@test.com,notieneclave
653usuarioprueba,653prueba@test.com,notieneclave
654usuarioprueba,654prueba@test.com,notieneclave
655usuarioprueba,655prueba@test.com,notieneclave
656usuarioprueba,656prueba@test.com,notieneclave
657usuarioprueba,657prueba@test.com,notieneclave
658usuarioprueba,658prueba@test.com,notieneclave
659usuarioprueba,659prueba@test.com,notieneclave
660usuarioprueba,660prueba@test.com,notieneclave
661usuarioprueba,661prueba@test.com,notieneclave
662usuarioprueba,662prueba@test.com,notieneclave
663usuarioprueba,663prueba@test.com,notieneclave
664usuarioprueba,664prueba@test.com,notieneclave
665usuarioprueba,665prueba@test.com,notieneclave
666usuarioprueba,666prueba@test.com,notieneclave
667usuarioprueba,667prueba@test.com,notieneclave
668usuarioprueba,668prueba@test.com,notieneclave
669usuarioprueba,669prueba@test.com,notieneclave
670usuarioprueba,670prueba@test.com,notieneclave
671usuarioprueba,671prueba@test.com,notieneclave
672usuarioprueba,672prueba@test.com,notieneclave
673usuarioprueba,673prueba@test.com,notieneclave
674usuarioprueba,674prueba@test.com,notieneclave
675usuarioprueba,675prueba@test.com,notieneclave
676usuarioprueba,676prueba@test.com,notieneclave
677usuarioprueba,677prueba@test.com,notieneclave
678usuarioprueba,678prueba@test.com,notieneclave
679usuarioprueba,679prueba@test.com,notieneclave
680usuarioprueba,680prueba@test.com,notieneclave
681usuarioprueba,681prueba@test.com,notieneclave
682usuarioprueba,682prueba@test.com,notieneclave
683usuarioprueba,683prueba@test.com,notieneclave
684usuarioprueba,684prueba@test.com,notieneclave
685usuarioprueba,685prueba@test.com,notieneclave
686usuarioprueba,686prueba@test.com,notieneclave
687usuarioprueba,687prueba@test.com,notieneclave
688usuarioprueba,688prueba@test.com,notieneclave
689usuarioprueba,689prueba@test.com,notieneclave
690usuarioprueba,690prueba@test.com,notieneclave
691usuarioprueba,691prueba@test.com,notieneclave
692usuarioprueba,692prueba@test.com,notieneclave
693usuarioprueba,693prueba@test.com,notieneclave
694usuarioprueba,694prueba@test.com,notieneclave
695usuarioprueba,695prueba@test.com,notieneclave
696usuarioprueba,696prueba@test.com,notieneclave
697usuarioprueba,697prueba@test.com,notieneclave
698usuarioprueba,698prueba@test.com,notieneclave
699usuarioprueba,699prueba@test.com,notieneclave
700usuarioprueba,700prueba@test.com,notieneclave
701usuarioprueba,701prueba@test.com,notieneclave
702usuarioprueba,702prueba@test.com,notieneclave
703usuarioprueba,703prueba@test.com,notieneclave
704usuarioprueba,704prueba@test.com,notieneclave
705usuarioprueba,705prueba@test.com,notieneclave
706usuarioprueba,706prueba@test.com,notieneclave
707usuarioprueba,707prueba@test.com,notieneclave
708usuarioprueba,708prueba@test.com,notieneclave
709usuarioprueba,709prueba@test.com,notieneclave
710usuarioprueba,710prueba@test.com,notieneclave
711usuarioprueba,711prueba@test.com,notieneclave
712usuarioprueba,712prueba@test.com,notieneclave
713usuarioprueba,713prueba@test.com,notieneclave
714usuarioprueba,714prueba@test.com,notieneclave
715usuarioprueba,715prueba@test.com,notieneclave
716usuarioprueba,716prueba@test.com,notieneclave
717usuarioprueba,717prueba@test.com,notieneclave
718usuarioprueba,718prueba@test.com,notieneclave
719usuarioprueba,719prueba@test.com,notieneclave
720usuarioprueba,720prueba@test.com,notieneclave
721usuarioprueba,721prueba@test.com,notieneclave
722usuarioprueba,722prueba@test.com,notieneclave
723usuarioprueba,723prueba@test.com,notieneclave
724usuarioprueba,724prueba@test.com,notieneclave
725usuarioprueba,725prueba@test.com,notieneclave
726usuarioprueba,726prueba@test.com,notieneclave
727usuarioprueba,727prueba@test.com,notieneclave
728usuarioprueba,728prueba@test.com,notieneclave
729usuarioprueba,729prueba@test.com,notieneclave
730usuarioprueba,730prueba@test.com,notieneclave
731usuarioprueba,731prueba@test.com,notieneclave
732usuarioprueba,732prueba@test.com,notieneclave
733usuarioprueba,733prueba@test.com,notieneclave
734usuarioprueba,734prueba@test.com,notieneclave
735usuarioprueba,735prueba@test.com,notieneclave
736usuarioprueba,736prueba@test.com,notieneclave
737usuarioprueba,737prueba@test.com,notieneclave
738usuarioprueba,738prueba@test.com,notieneclave
739usuarioprueba,739prueba@test.com,notieneclave
740usuarioprueba,740prueba@test.com,notieneclave
741usuarioprueba,741prueba@test.com,notieneclave
742usuarioprueba,742prueba@test.com,notieneclave
743usuarioprueba,743prueba@test.com,notieneclave
744usuarioprueba,744prueba@test.com,notieneclave
745usuarioprueba,745prueba@test.com,notieneclave
746usuarioprueba,746prueba@test.com,notieneclave
747usuarioprueba,747prueba@test.com,notieneclave
748usuarioprueba,748prueba@test.com,notieneclave
749usuarioprueba,749prueba@test.com,notieneclave
750usuarioprueba,750prueba@test.com,notieneclave
751usuarioprueba,751prueba@test.com,notieneclave
752usuarioprueba,752prueba@test.com,notieneclave
753usuarioprueba,753prueba@test.com,notieneclave
754usuarioprueba,754prueba@test.com,notieneclave
755usuarioprueba,755prueba@test.com,notieneclave
756usuarioprueba,756prueba@test.com,notieneclave
757usuarioprueba,757prueba@test.com,notieneclave
758usuarioprueba,758prueba@test.com,notieneclave
759usuarioprueba,759prueba@test.com,notieneclave
760usuarioprueba,760prueba@test.com,notieneclave
761usuarioprueba,761prueba@test.com,notieneclave
762usuarioprueba,762prueba@test.com,notieneclave
763usuarioprueba,763prueba@test.com,notieneclave
764usuarioprueba,764prueba@test.com,notieneclave
765usuarioprueba,765prueba@test.com,notieneclave
766usuarioprueba,766prueba@test.com,notieneclave
767usuarioprueba,767prueba@test.com,notieneclave
768usuarioprueba,768prueba@test.com,notieneclave
769usuarioprueba,769prueba@test.com,notieneclave
770usuarioprueba,770prueba@test.com,notieneclave
771usuarioprueba,771prueba@test.com,notieneclave
772usuarioprueba,772prueba@test.com,notieneclave
773usuarioprueba,773prueba@test.com,notieneclave
774usuarioprueba,774prueba@test.com,notieneclave
775usuarioprueba,775prueba@test.com,notieneclave
776usuarioprueba,776prueba@test.com,notieneclave
777usuarioprueba,777prueba@test.com,notieneclave
778usuarioprueba,778prueba@test.com,notieneclave
779usuarioprueba,779prueba@test.com,notieneclave
780usuarioprueba,780prueba@test.com,notieneclave
781usuarioprueba,781prueba@test.com,notieneclave
782usuarioprueba,782prueba@test.com,notieneclave
783usuarioprueba,783prueba@test.com,notieneclave
784usuarioprueba,784prueba@test.com,notieneclave
785usuarioprueba,785prueba@test.com,notieneclave
786usuarioprueba,786prueba@test.com,notieneclave
787usuarioprueba,787prueba@test.com,notieneclave
788usuarioprueba,788prueba@test.com,notieneclave
789usuarioprueba,789prueba@test.com,notieneclave
790usuarioprueba,790prueba@test.com,notieneclave
791usuarioprueba,791prueba@test.com,notieneclave
792usuarioprueba,792prueba@test.com,notieneclave
793usuarioprueba,793prueba@test.com,notieneclave
794usuarioprueba,794prueba@test.com,notieneclave
795usuarioprueba,795prueba@test.com,notieneclave
796usuarioprueba,796prueba@test.com,notieneclave
797usuarioprueba,797prueba@test.com,notieneclave
798usuarioprueba,798prueba@test.com,notieneclave
799usuarioprueba,799prueba@test.com,notieneclave
800usuarioprueba,800prueba@test.com,notieneclave
801usuarioprueba,801prueba@test.com,notieneclave
802usuarioprueba,802prueba@test.com,notieneclave
803usuarioprueba,803prueba@test.com,notieneclave
804usuarioprueba,804prueba@test.com,notieneclave
805usuarioprueba,805prueba@test.com,notieneclave
806usuarioprueba,806prueba@test.com,notieneclave
807usuarioprueba,807prueba@test.com,notieneclave
808usuarioprueba,808prueba@test.com,notieneclave
809usuarioprueba,809prueba@test.com,notieneclave
810usuarioprueba,810prueba@test.com,notieneclave
811usuarioprueba,811prueba@test.com,notieneclave
812usuarioprueba,812prueba@test.com,notieneclave
813usuarioprueba,813prueba@test.com,notieneclave
814usuarioprueba,814prueba@test.com,notieneclave
815usuarioprueba,815prueba@test.com,notieneclave
816usuarioprueba,816prueba@test.com,notieneclave
817usuarioprueba,817prueba@test.com,notieneclave
818usuarioprueba,818prueba@test.com,notieneclave
819usuarioprueba,819prueba@test.com,notieneclave
820usuarioprueba,820prueba@test.com,notieneclave
821usuarioprueba,821prueba@test.com,notieneclave
822usuarioprueba,822prueba@test.com,notieneclave
823usuarioprueba,823prueba@test.com,notieneclave
824usuarioprueba,824prueba@test.com,notieneclave
825usuarioprueba,825prueba@test.com,notieneclave
826usuarioprueba,826prueba@test.com,notieneclave
827usuarioprueba,827prueba@test.com,notieneclave
828usuarioprueba,828prueba@test.com,notieneclave
829usuarioprueba,829prueba@test.com,notieneclave
830usuarioprueba,830prueba@test.com,notieneclave
831usuarioprueba,831prueba@test.com,notieneclave
832usuarioprueba,832prueba@test.com,notieneclave
833usuarioprueba,833prueba@test.com,notieneclave
834usuarioprueba,834prueba@test.com,notieneclave
835usuarioprueba,835prueba@test.com,notieneclave
836usuarioprueba,836prueba@test.com,notieneclave
837usuarioprueba,837prueba@test.com,notieneclave
838usuarioprueba,838prueba@test.com,notieneclave
839usuarioprueba,839prueba@test.com,notieneclave
840usuarioprueba,840prueba@test.com,notieneclave
841usuarioprueba,841prueba@test.com,notieneclave
842usuarioprueba,842prueba@test.com,notieneclave
843usuarioprueba,843prueba@test.com,notieneclave
844usuarioprueba,844prueba@test.com,notieneclave
845usuarioprueba,845prueba@test.com,notieneclave
846usuarioprueba,846prueba@test.com,notieneclave
847usuarioprueba,847prueba@test.com,notieneclave
848usuarioprueba,848prueba@test.com,notieneclave
849usuarioprueba,849prueba@test.com,notieneclave
850usuarioprueba,850prueba@test.com,notieneclave
851usuarioprueba,851prueba@test.com,notieneclave
852usuarioprueba,852prueba@test.com,notieneclave
853usuarioprueba,853prueba@test.com,notieneclave
854usuarioprueba,854prueba@test.com,notieneclave
855usuarioprueba,855prueba@test.com,notieneclave
856usuarioprueba,856prueba@test.com,notieneclave
857usuarioprueba,857prueba@test.com,notieneclave
858usuarioprueba,858prueba@test.com,notieneclave
859usuarioprueba,859prueba@test.com,notieneclave
860usuarioprueba,860prueba@test.com,notieneclave
861usuarioprueba,861prueba@test.com,notieneclave
862usuarioprueba,862prueba@test.com,notieneclave
863usuarioprueba,863prueba@test.com,notieneclave
864usuarioprueba,864prueba@test.com,notieneclave
865usuarioprueba,865prueba@test.com,notieneclave
866usuarioprueba,866prueba@test.com,notieneclave
867usuarioprueba,867prueba@test.com,notieneclave
868usuarioprueba,868prueba@test.com,notieneclave
869usuarioprueba,869prueba@test.com,notieneclave
870usuarioprueba,870prueba@test.com,notieneclave
871usuarioprueba,871prueba@test.com,notieneclave
872usuarioprueba,872prueba@test.com,notieneclave
873usuarioprueba,873prueba@test.com,notieneclave
874usuarioprueba,874prueba@test.com,notieneclave
875usuarioprueba,875prueba@test.com,notieneclave
876usuarioprueba,876prueba@test.com,notieneclave
877usuarioprueba,877prueba@test.com,notieneclave
878usuarioprueba,878prueba@test.com,notieneclave
879usuarioprueba,879prueba@test.com,notieneclave
880usuarioprueba,880prueba@test.com,notieneclave
881usuarioprueba,881prueba@test.com,notieneclave
882usuarioprueba,882prueba@test.com,notieneclave
883usuarioprueba,883prueba@test.com,notieneclave
884usuarioprueba,884prueba@test.com,notieneclave
885usuarioprueba,885prueba@test.com,notieneclave
886usuarioprueba,886prueba@test.com,notieneclave
887usuarioprueba,887prueba@test.com,notieneclave
888usuarioprueba,888prueba@test.com,notieneclave
889usuarioprueba,889prueba@test.com,notieneclave
890usuarioprueba,890prueba@test.com,notieneclave
891usuarioprueba,891prueba@test.com,notieneclave
892usuarioprueba,892prueba@test.com,notieneclave
893usuarioprueba,893prueba@test.com,notieneclave
894usuarioprueba,894prueba@test.com,notieneclave
895usuarioprueba,895prueba@test.com,notieneclave
896usuarioprueba,896prueba@test.com,notieneclave
897usuarioprueba,897prueba@test.com,notieneclave
898usuarioprueba,898prueba@test.com,notieneclave
899usuarioprueba,899prueba@test.com,notieneclave
900usuarioprueba,900prueba@test.com,notieneclave
901usuarioprueba,901prueba@test.com,notieneclave
902usuarioprueba,902prueba@test.com,notieneclave
903usuarioprueba,903prueba@test.com,notieneclave
904usuarioprueba,904prueba@test.com,notieneclave
905usuarioprueba,905prueba@test.com,notieneclave
906usuarioprueba,906prueba@test.com,notieneclave
907usuarioprueba,907prueba@test.com,notieneclave
908usuarioprueba,908prueba@test.com,notieneclave
909usuarioprueba,909prueba@test.com,notieneclave
910usuarioprueba,910prueba@test.com,notieneclave
911usuarioprueba,911prueba@test.com,notieneclave
912usuarioprueba,912prueba@test.com,notieneclave
913usuarioprueba,913prueba@test.com,notieneclave
914usuarioprueba,914prueba@test.com,notieneclave
915usuarioprueba,915prueba@test.com,notieneclave
916usuarioprueba,916prueba@test.com,notieneclave
917usuarioprueba,917prueba@test.com,notieneclave
918usuarioprueba,918prueba@test.com,notieneclave
919usuarioprueba,919prueba@test.com,notieneclave
920usuarioprueba,920prueba@test.com,notieneclave
921usuarioprueba,921prueba@test.com,notieneclave
922usuarioprueba,922prueba@test.com,notieneclave
923usuarioprueba,923prueba@test.com,notieneclave
924usuarioprueba,924prueba@test.com,notieneclave
925usuarioprueba,925prueba@test.com,notieneclave
926usuarioprueba,926prueba@test.com,notieneclave
927usuarioprueba,927prueba@test.com,notieneclave
928usuarioprueba,928prueba@test.com,notieneclave
929usuarioprueba,929prueba@test.com,notieneclave
930usuarioprueba,930prueba@test.com,notieneclave
931usuarioprueba,931prueba@test.com,notieneclave
932usuarioprueba,932prueba@test.com,notieneclave
933usuarioprueba,933prueba@test.com,notieneclave
934usuarioprueba,934prueba@test.com,notieneclave
935usuarioprueba,935prueba@test.com,notieneclave
936usuarioprueba,936prueba@test.com,notieneclave
937usuarioprueba,937prueba@test.com,notieneclave
938usuarioprueba,938prueba@test.com,notieneclave
939usuarioprueba,939prueba@test.com,notieneclave
940usuarioprueba,940prueba@test.com,notieneclave
941usuarioprueba,941prueba@test.com,notieneclave
942usuarioprueba,942prueba@test.com,notieneclave
943usuarioprueba,943prueba@test.com,notieneclave
944usuarioprueba,944prueba@test.com,notieneclave
945usuarioprueba,945prueba@test.com,notieneclave
946usuarioprueba,946prueba@test.com,notieneclave
947usuarioprueba,947prueba@test.com,notieneclave
948usuarioprueba,948prueba@test.com,notieneclave
949usuarioprueba,949prueba@test.com,notieneclave
950usuarioprueba,950prueba@test.com,notieneclave
951usuarioprueba,951prueba@test.com,notieneclave
952usuarioprueba,952prueba@test.com,notieneclave
953usuarioprueba,953prueba@test.com,notieneclave
954usuarioprueba,954prueba@test.com,notieneclave
955usuarioprueba,955prueba@test.com,notieneclave
956usuarioprueba,956prueba@test.com,notieneclave
957usuarioprueba,957prueba@test.com,notieneclave
958usuarioprueba,958prueba@test.com,notieneclave
959usuarioprueba,959prueba@test.com,notieneclave
960usuarioprueba,960prueba@test.com,notieneclave
961usuarioprueba,961prueba@test.com,notieneclave
962usuarioprueba,962prueba@test.com,notieneclave
963usuarioprueba,963prueba@test.com,notieneclave
964usuarioprueba,964prueba@test.com,notieneclave
965usuarioprueba,965prueba@test.com,notieneclave
966usuarioprueba,966prueba@test.com,notieneclave
967usuarioprueba,967prueba@test.com,notieneclave
968usuarioprueba,968prueba@test.com,notieneclave
969usuarioprueba,969prueba@test.com,notieneclave
970usuarioprueba,970prueba@test.com,notieneclave
971usuarioprueba,971prueba@test.com,notieneclave
972usuarioprueba,972prueba@test.com,notieneclave
973usuarioprueba,973prueba@test.com,notieneclave
974usuarioprueba,974prueba@test.com,notieneclave
975usuarioprueba,975prueba@test.com,notieneclave
976usuarioprueba,976prueba@test.com,notieneclave
977usuarioprueba,977prueba@test.com,notieneclave
978usuarioprueba,978prueba@test.com,notieneclave
979usuarioprueba,979prueba@test.com,notieneclave
980usuarioprueba,980prueba@test.com,notieneclave
981usuarioprueba,981prueba@test.com,notieneclave
982usuarioprueba,982prueba@test.com,notieneclave
983usuarioprueba,983prueba@test.com,notieneclave
984usuarioprueba,984prueba@test.com,notieneclave
985usuarioprueba,985prueba@test.com,notieneclave
986usuarioprueba,986prueba@test.com,notieneclave
987usuarioprueba,987prueba@test.com,notieneclave
988usuarioprueba,988prueba@test.com,notieneclave
989usuarioprueba,989prueba@test.com,notieneclave
990usuarioprueba,990prueba@test.com,notieneclave
991usuarioprueba,991prueba@test.com,notieneclave
992usuarioprueba,992prueba@test.com,notieneclave
993usuarioprueba,993prueba@test.com,notieneclave
994usuarioprueba,994prueba@test.com,notieneclave
995usuarioprueba,995prueba@test.com,notieneclave
996usuarioprueba,996prueba@test.com,notieneclave
997usuarioprueba,997prueba@test.com,notieneclave
998usuarioprueba,998prueba@test.com,notieneclave
999usuarioprueba,999prueba@test.com,notieneclave
1000usuarioprueba,1000prueba@test.com,notieneclave
